{
    "0": {
        "precision": 0.9545820815779562,
        "recall": 0.9989963060395795,
        "f1-score": 0.9762843194338693,
        "support": 218194.0
    },
    "1": {
        "precision": 0.9969436458536858,
        "recall": 0.8732244578637264,
        "f1-score": 0.9309917893913724,
        "support": 81806.0
    },
    "accuracy": 0.9647,
    "macro avg": {
        "precision": 0.975762863715821,
        "recall": 0.936110381951653,
        "f1-score": 0.9536380544126208,
        "support": 300000.0
    },
    "weighted avg": {
        "precision": 0.9661335153350905,
        "recall": 0.9647,
        "f1-score": 0.9639336503916808,
        "support": 300000.0
    }
}