{
    "loss": 0.099537692964077,
    "accuracy": 0.9729920029640198,
    "mae": 0.04719626531004906
}